{
	"id": "CustomCaseList",
	"title": "Custom Case List",
	"category": "CustomWidgets",
	"description": "Displays a list of the cases using the Case List widget for a specific solution. The solution has a prefix \"A074A\" and a property with name \"intID\" and type Integer. As per the business logic of the solution, the \"intID\" property is displayed in red indicating that the case is in error if the property value is less than 200. If the \"intID\" property value is greater or equal to 200 and less than 500, the property is displayed in green indicating that the case is in good state. Otherwise if the \"intID\" property value is greater or equal to 500, the property is displayed in green indicating that the case is in risk.",
	"definition": "CustomCaseList.json",
	"preview": "images/custom_caselist_preview.png",
	"icon": "images/custom_caselist_icon.png",
	"runtimeClassName": "icm.custom.pgwidget.customcaselist.CustomCaseList",
	"help": "acmwrh97.htm",
	"previewThumbnail": "images/custom_caseinfo_thumb.gif",
    "properties":[
		{
            "propertyType":"property",
            "type":"string",
            "id":"PreferredWidth",
            "defaultValue":"600px",
            "disabled": true,
            "required":false,
            "visibility":false,
            "title":"Preferred Width"
        },
		{
            "propertyType":"property",
            "type":"string",
            "id":"PreferredHeight",
            "defaultValue":"100%",
            "disabled": true,
            "required":false,
            "visibility":false,
            "title":"Preferred Height"
        },
    	{
            "propertyType":"property",
            "type":"choicelist",
            "id":"ViewSelection",
            "defaultValue":"DetailsView",
            "required":true,
            "visibility":true,
            "title":"Select the default view",
            "options": [
                        { "id": "DetailsView", "title": "Details View" },
                        { "id": "MagazineView", "title": "Magazine View" }
                    ]
        },
        {
            "propertyType":"property",
            "type":"boolean",
            "id":"EnableSwitch",
            "defaultValue":true,
            "required":true,
            "visibility":true,
            "title":"Allow user to switch between views"
        },         
        {
            "propertyType":"group",
            "type":"tab",
            "id":"CaseListToolbarTab",
            "title":"Toolbar",
            "propertyMembers":[
                {
                    "propertyType":"property",
                    "type":"toolbar",
                    "context":["Case", "CaseReference"],
                    "id":"CaseItemToolbar",
                    "title":"Toolbar for the Case List widget",
					"required": false,
					"visibility": true,					
					"defaultValue": {
						"actionList": [
						]
					}
				}
			]
		},		
        {
            "propertyType":"group",
            "type":"tab",
            "id":"CaseListMenuTab",
            "title":"Menu",
            "propertyMembers":[
                {
                    "propertyType":"property",
                    "type":"contextualMenu",
                    "context":["Case", "CaseReference"],
                    "id":"CaseItemContextMenu",
                    "title":"Menu for the Case List widget",
                    "required": false,
                    "visibility": true,                 
                    "defaultValue": {
                        "actionList": [
                            {
                                "propertiesValue":{
                                    "align": "left",
                                    "label":"OpenCase"
                                },
                                "actionDefinitionId":"icm.action.case.OpenCasePage"
                            },
                            {
                                "propertiesValue":{
                                    "align": "left",
                                    "label":"ShowLinkToCase"
                                },
                                "actionDefinitionId":"icm.action.case.ShowLink"
                            },
                            {
                                "propertiesValue": {
                                    "align": "left",
                                    "label":"SendLinkToCase"
                                },
                                "actionDefinitionId":"icm.action.case.SendLink"
                            },
                            {
                                "propertiesValue":{
                                    "align": "left",
                                    "label":"AddCommentToCase"
                                },
                                "actionDefinitionId":"icm.action.comment.AddCaseComment"
                            }                       
                        ]
                    }
                }
            ]
        }
    ],
    "events":[
        {
            "id":"icm.SearchCases",
            "title":"Search cases",
            "functionName":"handleICM_SearchCasesEvent",
            "direction":"subscribed",
            "description":"Update the case list with the cases that were returned by a search."
        },
        {
            "id":"icm.RefreshCaseList",
            "title":"Refresh",
            "functionName":"handleICM_RefreshCaseListEvent",
            "direction":"subscribed",
            "description":"Rerun the current search query and refresh the list of cases."
        },        
        {
            "id":"icm.ClearContent",
            "title":"Clear content",
            "functionName":"handleICM_ClearContentEvent",
            "direction":"subscribed",
            "description":"Clear the content in the Case List widget."
        },		
        {
            "id":"icm.OpenCase",
            "type":"broadcast",
            "title":"Open case",
            "direction":"published",
            "description":"The user selected a case that is to be opened in the Case Details page."
        },
        {
            "id":"icm.SelectCase",
            "type":"broadcast",
            "title":"Select case",
            "direction":"published",
            "description":"The user selected a case that is to be opened in the Case Information widget."
        }
    ]
}
